{"cameraMode":{"drawMode":0,"name":"Shaded","section":"Shading Mode"},"sceneLighting":true,"audioPlay":false,"sceneViewState":{"showFog":true,"showMaterialUpdate":false,"showSkybox":true,"showFlares":true,"showImageEffects":true,"showParticleSystems":true},"in2DMode":false,"pivot":{"x":253.82260131835938,"y":825.439453125,"z":-1.015625},"rotation":{"x":0.014689819887280465,"y":-0.0009026849293150008,"z":-0.000013246828530100174,"w":-0.9998916387557983},"size":1557.515869140625,"orthographic":true}