{"cameraMode":{"drawMode":0,"name":"Shaded","section":"Shading Mode"},"sceneLighting":true,"audioPlay":false,"sceneViewState":{"showFog":true,"showMaterialUpdate":false,"showSkybox":true,"showFlares":true,"showImageEffects":true,"showParticleSystems":true},"in2DMode":false,"pivot":{"x":326.000244140625,"y":651.73828125,"z":-29.375},"rotation":{"x":0.014689819887280465,"y":-0.0009026849293150008,"z":-0.000013246828530100174,"w":-0.9998916387557983},"size":646.4453735351563,"orthographic":true}